London21,2010,275,London,1981,717144
London21,2011,275,London,1981,746104
London21,2012,275,London,1981,843560
London21,2013,275,London,1981,892459
London21,2014,275,London,1981,782720
London21,2015,275,London,1981,761346
London21,2016,275,London,1981,883733
London21,2017,275,London,1981,704709
London21,2018,275,London,1981,865079
London21,2019,275,London,1981,868008
London7,2010,411,London,1981,846525
London7,2011,411,London,1981,784444
London7,2012,411,London,1981,895275
London7,2013,411,London,1981,849265
London7,2014,411,London,1981,792380
London7,2015,411,London,1981,894129
London7,2016,411,London,1981,841109
London7,2017,411,London,1981,728418
London7,2018,411,London,1981,766772
London7,2019,411,London,1981,814516
London13,2010,518,London,2005,732903
London13,2011,518,London,2005,816205
London13,2012,518,London,2005,824677
London13,2013,518,London,2005,773865
London13,2014,518,London,2005,769114
London13,2015,518,London,2005,849370
London13,2016,518,London,2005,739840
London13,2017,518,London,2005,797165
London13,2018,518,London,2005,736727
London13,2019,518,London,2005,809475
London15,2010,688,London,1987,782118
London15,2011,688,London,1987,766821
London15,2012,688,London,1987,877379
London15,2013,688,London,1987,747316
London15,2014,688,London,1987,822405
London15,2015,688,London,1987,708149
London15,2016,688,London,1987,835859
London15,2017,688,London,1987,770903
London15,2018,688,London,1987,709067
London15,2019,688,London,1987,738351
London20,2010,401,London,1990,871938
London20,2011,401,London,1990,700252
London20,2012,401,London,1990,792467
London20,2013,401,London,1990,765013
London20,2014,401,London,1990,855176
London20,2015,401,London,1990,811920
London20,2016,401,London,1990,708052
London20,2017,401,London,1990,723503
London20,2018,401,London,1990,778515
London20,2019,401,London,1990,709292
London1,2010,291,London,2000,716994
London1,2011,291,London,2000,819161
London1,2012,291,London,2000,705517
London1,2013,291,London,2000,848435
London1,2014,291,London,2000,779013
London1,2015,291,London,2000,852476
London1,2016,291,London,2000,837203
London1,2017,291,London,2000,837081
London1,2018,291,London,2000,789215
London1,2019,291,London,2000,776896
London3,2010,559,London,2004,768900
London3,2011,559,London,2004,717225
London3,2012,559,London,2004,754289
London3,2013,559,London,2004,849902
London3,2014,559,London,2004,890277
London3,2015,559,London,2004,791478
London3,2016,559,London,2004,730359
London3,2017,559,London,2004,838593
London3,2018,559,London,2004,893505
London3,2019,559,London,2004,804937
London27,2010,310,London,1986,776972
London27,2011,310,London,1986,805227
London27,2012,310,London,1986,832342
London27,2013,310,London,1986,867313
London27,2014,310,London,1986,736607
London27,2015,310,London,1986,718302
London27,2016,310,London,1986,823512
London27,2017,310,London,1986,772070
London27,2018,310,London,1986,797512
London27,2019,310,London,1986,824476
London12,2010,740,London,1990,893044
London12,2011,740,London,1990,850208
London12,2012,740,London,1990,856955
London12,2013,740,London,1990,818373
London12,2014,740,London,1990,809492
London12,2015,740,London,1990,785012
London12,2016,740,London,1990,763045
London12,2017,740,London,1990,842069
London12,2018,740,London,1990,887760
London12,2019,740,London,1990,897812
London6,2010,325,London,1990,895773
London6,2011,325,London,1990,864934
London6,2012,325,London,1990,863785
London6,2013,325,London,1990,747355
London6,2014,325,London,1990,815934
London6,2015,325,London,1990,790446
London6,2016,325,London,1990,816171
London6,2017,325,London,1990,792293
London6,2018,325,London,1990,883027
London6,2019,325,London,1990,810789
London25,2010,2965,London,1972,1423603
London25,2011,2965,London,1972,1625767
London25,2012,2965,London,1972,2064146
London25,2013,2965,London,1972,2137825
London25,2014,2965,London,1972,1252252
London25,2015,2965,London,1972,2666629
London25,2016,2965,London,1972,2247503
London25,2017,2965,London,1972,1791446
London25,2018,2965,London,1972,2006666
London25,2019,2965,London,1972,1797962
London18,2010,2130,London,1996,2563730
London18,2011,2130,London,1996,2078599
London18,2012,2130,London,1996,2072905
London18,2013,2130,London,1996,2438966
London18,2014,2130,London,1996,1510037
London18,2015,2130,London,1996,1283572
London18,2016,2130,London,1996,2529541
London18,2017,2130,London,1996,1882494
London18,2018,2130,London,1996,1602411
London18,2019,2130,London,1996,2189051
London11,2010,1758,London,1978,1984726
London11,2011,1758,London,1978,2166862
London11,2012,1758,London,1978,1455616
London11,2013,1758,London,1978,2251163
London11,2014,1758,London,1978,1299199
London11,2015,1758,London,1978,2125229
London11,2016,1758,London,1978,2487428
London11,2017,1758,London,1978,1753110
London11,2018,1758,London,1978,1916639
London11,2019,1758,London,1978,1771115
London10,2010,1240,London,1970,1903430
London10,2011,1240,London,1970,2111209
London10,2012,1240,London,1970,2708207
London10,2013,1240,London,1970,1603618
London10,2014,1240,London,1970,1639076
London10,2015,1240,London,1970,2624425
London10,2016,1240,London,1970,1305601
London10,2017,1240,London,1970,2493305
London10,2018,1240,London,1970,2463285
London10,2019,1240,London,1970,2387409
London23,2010,3810,London,1990,2330164
London23,2011,3810,London,1990,2304406
London23,2012,3810,London,1990,1660389
London23,2013,3810,London,1990,2569576
London23,2014,3810,London,1990,1537884
London23,2015,3810,London,1990,1887073
London23,2016,3810,London,1990,1981082
London23,2017,3810,London,1990,1669474
London23,2018,3810,London,1990,2748447
London23,2019,3810,London,1990,2123033
London16,2010,1829,London,1987,1793099
London16,2011,1829,London,1987,1594572
London16,2012,1829,London,1987,1286037
London16,2013,1829,London,1987,1965576
London16,2014,1829,London,1987,1551339
London16,2015,1829,London,1987,1785758
London16,2016,1829,London,1987,1632981
London16,2017,1829,London,1987,1380102
London16,2018,1829,London,1987,2238741
London16,2019,1829,London,1987,1245489
London19,2010,1762,London,1971,1239054
London19,2011,1762,London,1971,2210382
London19,2012,1762,London,1971,2684085
London19,2013,1762,London,1971,1457000
London19,2014,1762,London,1971,1852028
London19,2015,1762,London,1971,1236787
London19,2016,1762,London,1971,2666573
London19,2017,1762,London,1971,1506544
London19,2018,1762,London,1971,1430159
London19,2019,1762,London,1971,2223710
London26,2010,2431,London,1975,2581794
London26,2011,2431,London,1975,1601341
London26,2012,2431,London,1975,1561106
London26,2013,2431,London,1975,2536756
London26,2014,2431,London,1975,2623580
London26,2015,2431,London,1975,1471074
London26,2016,2431,London,1975,1534789
London26,2017,2431,London,1975,2653342
London26,2018,2431,London,1975,2502972
London26,2019,2431,London,1975,2666622
London24,2010,1556,London,1977,2045238
London24,2011,1556,London,1977,2172866
London24,2012,1556,London,1977,1405731
London24,2013,1556,London,1977,1825245
London24,2014,1556,London,1977,2392807
London24,2015,1556,London,1977,2685605
London24,2016,1556,London,1977,2263622
London24,2017,1556,London,1977,1272499
London24,2018,1556,London,1977,2452686
London24,2019,1556,London,1977,2314764
London22,2010,3966,London,1977,1428270
London22,2011,3966,London,1977,2049860
London22,2012,3966,London,1977,2682600
London22,2013,3966,London,1977,1873601
London22,2014,3966,London,1977,2614423
London22,2015,3966,London,1977,2107755
London22,2016,3966,London,1977,1577934
London22,2017,3966,London,1977,1587779
London22,2018,3966,London,1977,2018066
London22,2019,3966,London,1977,1670999
London29,2010,5236,London,1980,8309283
London29,2011,5236,London,1980,5425048
London29,2012,5236,London,1980,8449377
London29,2013,5236,London,1980,9474492
London29,2014,5236,London,1980,9167571
London29,2015,5236,London,1980,5683156
London29,2016,5236,London,1980,6165010
London29,2017,5236,London,1980,10626861
London29,2018,5236,London,1980,8789962
London29,2019,5236,London,1980,5777771
London14,2010,4742,London,2003,5296447
London14,2011,4742,London,2003,6479245
London14,2012,4742,London,2003,9534170
London14,2013,4742,London,2003,9963097
London14,2014,4742,London,2003,8358163
London14,2015,4742,London,2003,10179230
London14,2016,4742,London,2003,5366307
London14,2017,4742,London,2003,9558783
London14,2018,4742,London,2003,5391320
London14,2019,4742,London,2003,7018062
London4,2010,5971,London,1992,9948300
London4,2011,5971,London,1992,6914895
London4,2012,5971,London,1992,6947066
London4,2013,5971,London,1992,7466417
London4,2014,5971,London,1992,10087523
London4,2015,5971,London,1992,7476448
London4,2016,5971,London,1992,8333278
London4,2017,5971,London,1992,5510845
London4,2018,5971,London,1992,10588033
London4,2019,5971,London,1992,9892722
London9,2010,2387,London,1986,10183722
London9,2011,2387,London,1986,10206206
London9,2012,2387,London,1986,8542886
London9,2013,2387,London,1986,8527301
London9,2014,2387,London,1986,8749822
London9,2015,2387,London,1986,5703406
London9,2016,2387,London,1986,6263989
London9,2017,2387,London,1986,8280686
London9,2018,2387,London,1986,9582686
London9,2019,2387,London,1986,6299149
London5,2010,2840,London,1972,9677587
London5,2011,2840,London,1972,7173017
London5,2012,2840,London,1972,7623106
London5,2013,2840,London,1972,5671207
London5,2014,2840,London,1972,6868615
London5,2015,2840,London,1972,7191340
London5,2016,2840,London,1972,8201378
London5,2017,2840,London,1972,5373458
London5,2018,2840,London,1972,8541370
London5,2019,2840,London,1972,10577619
London28,2010,2513,London,1978,5026976
London28,2011,2513,London,1978,5919357
London28,2012,2513,London,1978,5102317
London28,2013,2513,London,1978,10932803
London28,2014,2513,London,1978,8305069
London28,2015,2513,London,1978,5133041
London28,2016,2513,London,1978,10621115
London28,2017,2513,London,1978,10436955
London28,2018,2513,London,1978,5758789
London28,2019,2513,London,1978,6155656
London30,2010,2777,London,1977,9398845
London30,2011,2777,London,1977,10209396
London30,2012,2777,London,1977,6078857
London30,2013,2777,London,1977,9592085
London30,2014,2777,London,1977,9710983
London30,2015,2777,London,1977,10652502
London30,2016,2777,London,1977,6619963
London30,2017,2777,London,1977,7430665
London30,2018,2777,London,1977,5064462
London30,2019,2777,London,1977,8823234
London17,2010,7187,London,1994,7815230
London17,2011,7187,London,1994,7535625
London17,2012,7187,London,1994,9631385
London17,2013,7187,London,1994,7633161
London17,2014,7187,London,1994,6618923
London17,2015,7187,London,1994,5024573
London17,2016,7187,London,1994,5952724
London17,2017,7187,London,1994,7003737
London17,2018,7187,London,1994,8761513
London17,2019,7187,London,1994,7180043
London8,2010,3664,London,1996,10879916
London8,2011,3664,London,1996,9668704
London8,2012,3664,London,1996,9113864
London8,2013,3664,London,1996,10538336
London8,2014,3664,London,1996,7132110
London8,2015,3664,London,1996,9495275
London8,2016,3664,London,1996,5972796
London8,2017,3664,London,1996,9363824
London8,2018,3664,London,1996,5664775
London8,2019,3664,London,1996,8996175
London2,2010,3273,London,1990,10615878
London2,2011,3273,London,1990,9246065
London2,2012,3273,London,1990,9467056
London2,2013,3273,London,1990,9383097
London2,2014,3273,London,1990,5289312
London2,2015,3273,London,1990,6288330
London2,2016,3273,London,1990,8204667
London2,2017,3273,London,1990,10161735
London2,2018,3273,London,1990,5835759
London2,2019,3273,London,1990,9976493
Birmingham1,2010,267,Birmingham,1978,859556
Birmingham1,2011,267,Birmingham,1978,784022
Birmingham1,2012,267,Birmingham,1978,767377
Birmingham1,2013,267,Birmingham,1978,865073
Birmingham1,2014,267,Birmingham,1978,735780
Birmingham1,2015,267,Birmingham,1978,872720
Birmingham1,2016,267,Birmingham,1978,834155
Birmingham1,2017,267,Birmingham,1978,881273
Birmingham1,2018,267,Birmingham,1978,899305
Birmingham1,2019,267,Birmingham,1978,876730
Birmingham2,2010,329,Birmingham,2007,806863
Birmingham2,2011,329,Birmingham,2007,841581
Birmingham2,2012,329,Birmingham,2007,721016
Birmingham2,2013,329,Birmingham,2007,882363
Birmingham2,2014,329,Birmingham,2007,871358
Birmingham2,2015,329,Birmingham,2007,732125
Birmingham2,2016,329,Birmingham,2007,797034
Birmingham2,2017,329,Birmingham,2007,755197
Birmingham2,2018,329,Birmingham,2007,808383
Birmingham2,2019,329,Birmingham,2007,736703
Birmingham17,2010,216,Birmingham,1986,879085
Birmingham17,2011,216,Birmingham,1986,715030
Birmingham17,2012,216,Birmingham,1986,894424
Birmingham17,2013,216,Birmingham,1986,725228
Birmingham17,2014,216,Birmingham,1986,775988
Birmingham17,2015,216,Birmingham,1986,841864
Birmingham17,2016,216,Birmingham,1986,842334
Birmingham17,2017,216,Birmingham,1986,746578
Birmingham17,2018,216,Birmingham,1986,820898
Birmingham17,2019,216,Birmingham,1986,884260
Birmingham4,2010,390,Birmingham,1992,862570
Birmingham4,2011,390,Birmingham,1992,848610
Birmingham4,2012,390,Birmingham,1992,713537
Birmingham4,2013,390,Birmingham,1992,890434
Birmingham4,2014,390,Birmingham,1992,700787
Birmingham4,2015,390,Birmingham,1992,806932
Birmingham4,2016,390,Birmingham,1992,869637
Birmingham4,2017,390,Birmingham,1992,710634
Birmingham4,2018,390,Birmingham,1992,820534
Birmingham4,2019,390,Birmingham,1992,723164
Birmingham7,2010,480,Birmingham,1977,780748
Birmingham7,2011,480,Birmingham,1977,776527
Birmingham7,2012,480,Birmingham,1977,837431
Birmingham7,2013,480,Birmingham,1977,797311
Birmingham7,2014,480,Birmingham,1977,776139
Birmingham7,2015,480,Birmingham,1977,703880
Birmingham7,2016,480,Birmingham,1977,797947
Birmingham7,2017,480,Birmingham,1977,742587
Birmingham7,2018,480,Birmingham,1977,761548
Birmingham7,2019,480,Birmingham,1977,706027
Birmingham3,2010,517,Birmingham,1986,826421
Birmingham3,2011,517,Birmingham,1986,757962
Birmingham3,2012,517,Birmingham,1986,889596
Birmingham3,2013,517,Birmingham,1986,732133
Birmingham3,2014,517,Birmingham,1986,793672
Birmingham3,2015,517,Birmingham,1986,727425
Birmingham3,2016,517,Birmingham,1986,873092
Birmingham3,2017,517,Birmingham,1986,865533
Birmingham3,2018,517,Birmingham,1986,837029
Birmingham3,2019,517,Birmingham,1986,735481
Birmingham20,2010,742,Birmingham,2006,875065
Birmingham20,2011,742,Birmingham,2006,817408
Birmingham20,2012,742,Birmingham,2006,813783
Birmingham20,2013,742,Birmingham,2006,873033
Birmingham20,2014,742,Birmingham,2006,725870
Birmingham20,2015,742,Birmingham,2006,879885
Birmingham20,2016,742,Birmingham,2006,776523
Birmingham20,2017,742,Birmingham,2006,878775
Birmingham20,2018,742,Birmingham,2006,832916
Birmingham20,2019,742,Birmingham,2006,707880
Birmingham11,2010,316,Birmingham,1978,819311
Birmingham11,2011,316,Birmingham,1978,704412
Birmingham11,2012,316,Birmingham,1978,885546
Birmingham11,2013,316,Birmingham,1978,806553
Birmingham11,2014,316,Birmingham,1978,703080
Birmingham11,2015,316,Birmingham,1978,715960
Birmingham11,2016,316,Birmingham,1978,890847
Birmingham11,2017,316,Birmingham,1978,895626
Birmingham11,2018,316,Birmingham,1978,766397
Birmingham11,2019,316,Birmingham,1978,734707
Birmingham16,2010,566,Birmingham,2003,899886
Birmingham16,2011,566,Birmingham,2003,736121
Birmingham16,2012,566,Birmingham,2003,839220
Birmingham16,2013,566,Birmingham,2003,765426
Birmingham16,2014,566,Birmingham,2003,762091
Birmingham16,2015,566,Birmingham,2003,840671
Birmingham16,2016,566,Birmingham,2003,708661
Birmingham16,2017,566,Birmingham,2003,821998
Birmingham16,2018,566,Birmingham,2003,896607
Birmingham16,2019,566,Birmingham,2003,771185
Birmingham18,2010,345,Birmingham,1994,744027
Birmingham18,2011,345,Birmingham,1994,866070
Birmingham18,2012,345,Birmingham,1994,899283
Birmingham18,2013,345,Birmingham,1994,848566
Birmingham18,2014,345,Birmingham,1994,834749
Birmingham18,2015,345,Birmingham,1994,763618
Birmingham18,2016,345,Birmingham,1994,755587
Birmingham18,2017,345,Birmingham,1994,726040
Birmingham18,2018,345,Birmingham,1994,756944
Birmingham18,2019,345,Birmingham,1994,868775
Birmingham15,2010,1531,Birmingham,2008,2685770
Birmingham15,2011,1531,Birmingham,2008,1881070
Birmingham15,2012,1531,Birmingham,2008,1324852
Birmingham15,2013,1531,Birmingham,2008,1822498
Birmingham15,2014,1531,Birmingham,2008,2202227
Birmingham15,2015,1531,Birmingham,2008,2589335
Birmingham15,2016,1531,Birmingham,2008,1617364
Birmingham15,2017,1531,Birmingham,2008,2320852
Birmingham15,2018,1531,Birmingham,2008,1355396
Birmingham15,2019,1531,Birmingham,2008,2483959
Birmingham6,2010,1263,Birmingham,1982,2119342
Birmingham6,2011,1263,Birmingham,1982,1557860
Birmingham6,2012,1263,Birmingham,1982,2693382
Birmingham6,2013,1263,Birmingham,1982,2739342
Birmingham6,2014,1263,Birmingham,1982,1794877
Birmingham6,2015,1263,Birmingham,1982,1658715
Birmingham6,2016,1263,Birmingham,1982,1841948
Birmingham6,2017,1263,Birmingham,1982,2350239
Birmingham6,2018,1263,Birmingham,1982,2129720
Birmingham6,2019,1263,Birmingham,1982,2579703
Birmingham10,2010,2090,Birmingham,1974,1405457
Birmingham10,2011,2090,Birmingham,1974,1747899
Birmingham10,2012,2090,Birmingham,1974,1837999
Birmingham10,2013,2090,Birmingham,1974,2134454
Birmingham10,2014,2090,Birmingham,1974,2077368
Birmingham10,2015,2090,Birmingham,1974,1220658
Birmingham10,2016,2090,Birmingham,1974,2672638
Birmingham10,2017,2090,Birmingham,1974,2746528
Birmingham10,2018,2090,Birmingham,1974,1457145
Birmingham10,2019,2090,Birmingham,1974,1858598
Birmingham14,2010,1629,Birmingham,2005,1573024
Birmingham14,2011,1629,Birmingham,2005,2327135
Birmingham14,2012,1629,Birmingham,2005,2360619
Birmingham14,2013,1629,Birmingham,2005,2696632
Birmingham14,2014,1629,Birmingham,2005,2136197
Birmingham14,2015,1629,Birmingham,2005,1275690
Birmingham14,2016,1629,Birmingham,2005,1702308
Birmingham14,2017,1629,Birmingham,2005,2664157
Birmingham14,2018,1629,Birmingham,2005,1462180
Birmingham14,2019,1629,Birmingham,2005,1652762
Birmingham9,2010,2882,Birmingham,1974,2682814
Birmingham9,2011,2882,Birmingham,1974,2448120
Birmingham9,2012,2882,Birmingham,1974,2435348
Birmingham9,2013,2882,Birmingham,1974,1914896
Birmingham9,2014,2882,Birmingham,1974,2050798
Birmingham9,2015,2882,Birmingham,1974,1496064
Birmingham9,2016,2882,Birmingham,1974,1890175
Birmingham9,2017,2882,Birmingham,1974,2184537
Birmingham9,2018,2882,Birmingham,1974,1559594
Birmingham9,2019,2882,Birmingham,1974,2502516
Birmingham8,2010,3573,Birmingham,1982,8559718
Birmingham8,2011,3573,Birmingham,1982,8204060
Birmingham8,2012,3573,Birmingham,1982,6470724
Birmingham8,2013,3573,Birmingham,1982,7860988
Birmingham8,2014,3573,Birmingham,1982,5901174
Birmingham8,2015,3573,Birmingham,1982,6705850
Birmingham8,2016,3573,Birmingham,1982,5458995
Birmingham8,2017,3573,Birmingham,1982,9307431
Birmingham8,2018,3573,Birmingham,1982,8929941
Birmingham8,2019,3573,Birmingham,1982,9426231
Birmingham5,2010,2830,Birmingham,1984,5296923
Birmingham5,2011,2830,Birmingham,1984,8281671
Birmingham5,2012,2830,Birmingham,1984,10115883
Birmingham5,2013,2830,Birmingham,1984,8762446
Birmingham5,2014,2830,Birmingham,1984,7530594
Birmingham5,2015,2830,Birmingham,1984,5037873
Birmingham5,2016,2830,Birmingham,1984,7867167
Birmingham5,2017,2830,Birmingham,1984,5651777
Birmingham5,2018,2830,Birmingham,1984,7881909
Birmingham5,2019,2830,Birmingham,1984,5303539
Birmingham12,2010,5656,Birmingham,1985,7655657
Birmingham12,2011,5656,Birmingham,1985,8085605
Birmingham12,2012,5656,Birmingham,1985,6671296
Birmingham12,2013,5656,Birmingham,1985,9868257
Birmingham12,2014,5656,Birmingham,1985,10578017
Birmingham12,2015,5656,Birmingham,1985,5184946
Birmingham12,2016,5656,Birmingham,1985,7731259
Birmingham12,2017,5656,Birmingham,1985,7895415
Birmingham12,2018,5656,Birmingham,1985,6915734
Birmingham12,2019,5656,Birmingham,1985,6427449
Birmingham13,2010,7368,Birmingham,1999,5025220
Birmingham13,2011,7368,Birmingham,1999,5751564
Birmingham13,2012,7368,Birmingham,1999,10535206
Birmingham13,2013,7368,Birmingham,1999,10077952
Birmingham13,2014,7368,Birmingham,1999,7610004
Birmingham13,2015,7368,Birmingham,1999,8469388
Birmingham13,2016,7368,Birmingham,1999,8919477
Birmingham13,2017,7368,Birmingham,1999,5798223
Birmingham13,2018,7368,Birmingham,1999,10061490
Birmingham13,2019,7368,Birmingham,1999,7676534
Birmingham19,2010,7468,Birmingham,2006,7628477
Birmingham19,2011,7468,Birmingham,2006,10061042
Birmingham19,2012,7468,Birmingham,2006,8713086
Birmingham19,2013,7468,Birmingham,2006,9975367
Birmingham19,2014,7468,Birmingham,2006,10733767
Birmingham19,2015,7468,Birmingham,2006,6389818
Birmingham19,2016,7468,Birmingham,2006,5326210
Birmingham19,2017,7468,Birmingham,2006,5805400
Birmingham19,2018,7468,Birmingham,2006,9210822
Birmingham19,2019,7468,Birmingham,2006,6225589
Cardiff6,2010,440,Cardiff,1989,774182
Cardiff6,2011,440,Cardiff,1989,867610
Cardiff6,2012,440,Cardiff,1989,799424
Cardiff6,2013,440,Cardiff,1989,753973
Cardiff6,2014,440,Cardiff,1989,730126
Cardiff6,2015,440,Cardiff,1989,882291
Cardiff6,2016,440,Cardiff,1989,888524
Cardiff6,2017,440,Cardiff,1989,842429
Cardiff6,2018,440,Cardiff,1989,737645
Cardiff6,2019,440,Cardiff,1989,881951
Cardiff8,2010,704,Cardiff,1999,869080
Cardiff8,2011,704,Cardiff,1999,748614
Cardiff8,2012,704,Cardiff,1999,883287
Cardiff8,2013,704,Cardiff,1999,773338
Cardiff8,2014,704,Cardiff,1999,700093
Cardiff8,2015,704,Cardiff,1999,882688
Cardiff8,2016,704,Cardiff,1999,715478
Cardiff8,2017,704,Cardiff,1999,779840
Cardiff8,2018,704,Cardiff,1999,835648
Cardiff8,2019,704,Cardiff,1999,799324
Cardiff2,2010,486,Cardiff,1977,753011
Cardiff2,2011,486,Cardiff,1977,775728
Cardiff2,2012,486,Cardiff,1977,874174
Cardiff2,2013,486,Cardiff,1977,714194
Cardiff2,2014,486,Cardiff,1977,824831
Cardiff2,2015,486,Cardiff,1977,861052
Cardiff2,2016,486,Cardiff,1977,898997
Cardiff2,2017,486,Cardiff,1977,729028
Cardiff2,2018,486,Cardiff,1977,731050
Cardiff2,2019,486,Cardiff,1977,849490
Cardiff1,2010,232,Cardiff,1981,808461
Cardiff1,2011,232,Cardiff,1981,882538
Cardiff1,2012,232,Cardiff,1981,767833
Cardiff1,2013,232,Cardiff,1981,709450
Cardiff1,2014,232,Cardiff,1981,772360
Cardiff1,2015,232,Cardiff,1981,836385
Cardiff1,2016,232,Cardiff,1981,883688
Cardiff1,2017,232,Cardiff,1981,793776
Cardiff1,2018,232,Cardiff,1981,815797
Cardiff1,2019,232,Cardiff,1981,831955
Cardiff5,2010,247,Cardiff,2002,822833
Cardiff5,2011,247,Cardiff,2002,725005
Cardiff5,2012,247,Cardiff,2002,896774
Cardiff5,2013,247,Cardiff,2002,812939
Cardiff5,2014,247,Cardiff,2002,891037
Cardiff5,2015,247,Cardiff,2002,757663
Cardiff5,2016,247,Cardiff,2002,829485
Cardiff5,2017,247,Cardiff,2002,872806
Cardiff5,2018,247,Cardiff,2002,791397
Cardiff5,2019,247,Cardiff,2002,894068
Cardiff9,2010,3673,Cardiff,2003,2121837
Cardiff9,2011,3673,Cardiff,2003,2072307
Cardiff9,2012,3673,Cardiff,2003,2304762
Cardiff9,2013,3673,Cardiff,2003,2160627
Cardiff9,2014,3673,Cardiff,2003,2742265
Cardiff9,2015,3673,Cardiff,2003,2159273
Cardiff9,2016,3673,Cardiff,2003,2434251
Cardiff9,2017,3673,Cardiff,2003,2420186
Cardiff9,2018,3673,Cardiff,2003,2796390
Cardiff9,2019,3673,Cardiff,2003,1997541
Cardiff10,2010,2128,Cardiff,1992,2390140
Cardiff10,2011,2128,Cardiff,1992,1981888
Cardiff10,2012,2128,Cardiff,1992,2567144
Cardiff10,2013,2128,Cardiff,1992,2508940
Cardiff10,2014,2128,Cardiff,1992,2425510
Cardiff10,2015,2128,Cardiff,1992,1265509
Cardiff10,2016,2128,Cardiff,1992,2349389
Cardiff10,2017,2128,Cardiff,1992,2020952
Cardiff10,2018,2128,Cardiff,1992,1461848
Cardiff10,2019,2128,Cardiff,1992,1366896
Cardiff4,2010,3537,Cardiff,2004,1858154
Cardiff4,2011,3537,Cardiff,2004,1200117
Cardiff4,2012,3537,Cardiff,2004,2694138
Cardiff4,2013,3537,Cardiff,2004,1449702
Cardiff4,2014,3537,Cardiff,2004,1208364
Cardiff4,2015,3537,Cardiff,2004,1590442
Cardiff4,2016,3537,Cardiff,2004,1448140
Cardiff4,2017,3537,Cardiff,2004,2283568
Cardiff4,2018,3537,Cardiff,2004,1320367
Cardiff4,2019,3537,Cardiff,2004,1458694
Cardiff3,2010,1188,Cardiff,2002,1459652
Cardiff3,2011,1188,Cardiff,2002,1646649
Cardiff3,2012,1188,Cardiff,2002,1529311
Cardiff3,2013,1188,Cardiff,2002,1224403
Cardiff3,2014,1188,Cardiff,2002,1458345
Cardiff3,2015,1188,Cardiff,2002,1477294
Cardiff3,2016,1188,Cardiff,2002,1806667
Cardiff3,2017,1188,Cardiff,2002,2077006
Cardiff3,2018,1188,Cardiff,2002,1493553
Cardiff3,2019,1188,Cardiff,2002,1493599
Cardiff7,2010,3100,Cardiff,1988,2446721
Cardiff7,2011,3100,Cardiff,1988,2263400
Cardiff7,2012,3100,Cardiff,1988,2196124
Cardiff7,2013,3100,Cardiff,1988,2751917
Cardiff7,2014,3100,Cardiff,1988,2758301
Cardiff7,2015,3100,Cardiff,1988,2245257
Cardiff7,2016,3100,Cardiff,1988,2735273
Cardiff7,2017,3100,Cardiff,1988,1808535
Cardiff7,2018,3100,Cardiff,1988,1604688
Cardiff7,2019,3100,Cardiff,1988,1852224
Manchester3,2010,723,Manchester,1987,743186
Manchester3,2011,723,Manchester,1987,731396
Manchester3,2012,723,Manchester,1987,766504
Manchester3,2013,723,Manchester,1987,771877
Manchester3,2014,723,Manchester,1987,703385
Manchester3,2015,723,Manchester,1987,802596
Manchester3,2016,723,Manchester,1987,773343
Manchester3,2017,723,Manchester,1987,812316
Manchester3,2018,723,Manchester,1987,742729
Manchester3,2019,723,Manchester,1987,802288
Manchester2,2010,663,Manchester,2006,899725
Manchester2,2011,663,Manchester,2006,770546
Manchester2,2012,663,Manchester,2006,847464
Manchester2,2013,663,Manchester,2006,735683
Manchester2,2014,663,Manchester,2006,865931
Manchester2,2015,663,Manchester,2006,720339
Manchester2,2016,663,Manchester,2006,824973
Manchester2,2017,663,Manchester,2006,779071
Manchester2,2018,663,Manchester,2006,843859
Manchester2,2019,663,Manchester,2006,726885
Manchester10,2010,319,Manchester,2001,894934
Manchester10,2011,319,Manchester,2001,782030
Manchester10,2012,319,Manchester,2001,813735
Manchester10,2013,319,Manchester,2001,899903
Manchester10,2014,319,Manchester,2001,700369
Manchester10,2015,319,Manchester,2001,820436
Manchester10,2016,319,Manchester,2001,825769
Manchester10,2017,319,Manchester,2001,721668
Manchester10,2018,319,Manchester,2001,850457
Manchester10,2019,319,Manchester,2001,818585
Manchester7,2010,444,Manchester,1972,779705
Manchester7,2011,444,Manchester,1972,849750
Manchester7,2012,444,Manchester,1972,719598
Manchester7,2013,444,Manchester,1972,701446
Manchester7,2014,444,Manchester,1972,785911
Manchester7,2015,444,Manchester,1972,810904
Manchester7,2016,444,Manchester,1972,838506
Manchester7,2017,444,Manchester,1972,700376
Manchester7,2018,444,Manchester,1972,862266
Manchester7,2019,444,Manchester,1972,850680
Manchester8,2010,502,Manchester,1988,861521
Manchester8,2011,502,Manchester,1988,818457
Manchester8,2012,502,Manchester,1988,748901
Manchester8,2013,502,Manchester,1988,793546
Manchester8,2014,502,Manchester,1988,819419
Manchester8,2015,502,Manchester,1988,755324
Manchester8,2016,502,Manchester,1988,897237
Manchester8,2017,502,Manchester,1988,752249
Manchester8,2018,502,Manchester,1988,827577
Manchester8,2019,502,Manchester,1988,791860
Manchester1,2010,3910,Manchester,2001,1582901
Manchester1,2011,3910,Manchester,2001,2026285
Manchester1,2012,3910,Manchester,2001,1989039
Manchester1,2013,3910,Manchester,2001,1932124
Manchester1,2014,3910,Manchester,2001,1481471
Manchester1,2015,3910,Manchester,2001,1356989
Manchester1,2016,3910,Manchester,2001,2439681
Manchester1,2017,3910,Manchester,2001,2148101
Manchester1,2018,3910,Manchester,2001,2569300
Manchester1,2019,3910,Manchester,2001,2565250
Manchester9,2010,2246,Manchester,2006,2512104
Manchester9,2011,2246,Manchester,2006,1499947
Manchester9,2012,2246,Manchester,2006,2778650
Manchester9,2013,2246,Manchester,2006,1807427
Manchester9,2014,2246,Manchester,2006,1397504
Manchester9,2015,2246,Manchester,2006,1860389
Manchester9,2016,2246,Manchester,2006,1753684
Manchester9,2017,2246,Manchester,2006,2122110
Manchester9,2018,2246,Manchester,2006,2146291
Manchester9,2019,2246,Manchester,2006,2235438
Manchester6,2010,3511,Manchester,1988,2240710
Manchester6,2011,3511,Manchester,1988,2336605
Manchester6,2012,3511,Manchester,1988,2429123
Manchester6,2013,3511,Manchester,1988,1617227
Manchester6,2014,3511,Manchester,1988,1699463
Manchester6,2015,3511,Manchester,1988,1263212
Manchester6,2016,3511,Manchester,1988,2146609
Manchester6,2017,3511,Manchester,1988,2239788
Manchester6,2018,3511,Manchester,1988,2002680
Manchester6,2019,3511,Manchester,1988,2002062
Manchester4,2010,1884,Manchester,1984,1329629
Manchester4,2011,1884,Manchester,1984,2637023
Manchester4,2012,1884,Manchester,1984,2399968
Manchester4,2013,1884,Manchester,1984,1214273
Manchester4,2014,1884,Manchester,1984,1474898
Manchester4,2015,1884,Manchester,1984,1465373
Manchester4,2016,1884,Manchester,1984,2333871
Manchester4,2017,1884,Manchester,1984,1765908
Manchester4,2018,1884,Manchester,1984,2488033
Manchester4,2019,1884,Manchester,1984,1471512
Manchester5,2010,2734,Manchester,1999,1508296
Manchester5,2011,2734,Manchester,1999,2492737
Manchester5,2012,2734,Manchester,1999,2191660
Manchester5,2013,2734,Manchester,1999,1663950
Manchester5,2014,2734,Manchester,1999,1401849
Manchester5,2015,2734,Manchester,1999,2739693
Manchester5,2016,2734,Manchester,1999,1583076
Manchester5,2017,2734,Manchester,1999,1619558
Manchester5,2018,2734,Manchester,1999,2266156
Manchester5,2019,2734,Manchester,1999,1541037
Bristol1,2010,640,Bristol,1973,828041
Bristol1,2011,640,Bristol,1973,835404
Bristol1,2012,640,Bristol,1973,795597
Bristol1,2013,640,Bristol,1973,840575
Bristol1,2014,640,Bristol,1973,735643
Bristol1,2015,640,Bristol,1973,755369
Bristol1,2016,640,Bristol,1973,756906
Bristol1,2017,640,Bristol,1973,808685
Bristol1,2018,640,Bristol,1973,889543
Bristol1,2019,640,Bristol,1973,876621
Bristol9,2010,638,Bristol,2003,754950
Bristol9,2011,638,Bristol,2003,726942
Bristol9,2012,638,Bristol,2003,877743
Bristol9,2013,638,Bristol,2003,846004
Bristol9,2014,638,Bristol,2003,879345
Bristol9,2015,638,Bristol,2003,788904
Bristol9,2016,638,Bristol,2003,784442
Bristol9,2017,638,Bristol,2003,846598
Bristol9,2018,638,Bristol,2003,765124
Bristol9,2019,638,Bristol,2003,743769
Bristol10,2010,2719,Bristol,1999,2633413
Bristol10,2011,2719,Bristol,1999,1507961
Bristol10,2012,2719,Bristol,1999,2578092
Bristol10,2013,2719,Bristol,1999,1462110
Bristol10,2014,2719,Bristol,1999,2764074
Bristol10,2015,2719,Bristol,1999,1692878
Bristol10,2016,2719,Bristol,1999,2676004
Bristol10,2017,2719,Bristol,1999,1767741
Bristol10,2018,2719,Bristol,1999,2761735
Bristol10,2019,2719,Bristol,1999,2538793
Bristol5,2010,1818,Bristol,1993,1446736
Bristol5,2011,1818,Bristol,1993,1752109
Bristol5,2012,1818,Bristol,1993,1293301
Bristol5,2013,1818,Bristol,1993,1716185
Bristol5,2014,1818,Bristol,1993,1236749
Bristol5,2015,1818,Bristol,1993,2530384
Bristol5,2016,1818,Bristol,1993,2572263
Bristol5,2017,1818,Bristol,1993,1660652
Bristol5,2018,1818,Bristol,1993,2070531
Bristol5,2019,1818,Bristol,1993,2044849
Bristol6,2010,7862,Bristol,1992,9092955
Bristol6,2011,7862,Bristol,1992,10299090
Bristol6,2012,7862,Bristol,1992,6211196
Bristol6,2013,7862,Bristol,1992,7650317
Bristol6,2014,7862,Bristol,1992,8190662
Bristol6,2015,7862,Bristol,1992,10663025
Bristol6,2016,7862,Bristol,1992,6067023
Bristol6,2017,7862,Bristol,1992,7453432
Bristol6,2018,7862,Bristol,1992,9614386
Bristol6,2019,7862,Bristol,1992,7396606
Bristol7,2010,3208,Bristol,2007,7545631
Bristol7,2011,3208,Bristol,2007,5005106
Bristol7,2012,3208,Bristol,2007,7375665
Bristol7,2013,3208,Bristol,2007,6708482
Bristol7,2014,3208,Bristol,2007,10807374
Bristol7,2015,3208,Bristol,2007,6805114
Bristol7,2016,3208,Bristol,2007,7509214
Bristol7,2017,3208,Bristol,2007,10325611
Bristol7,2018,3208,Bristol,2007,5495876
Bristol7,2019,3208,Bristol,2007,7444141
Bristol3,2010,5455,Bristol,2008,5714248
Bristol3,2011,5455,Bristol,2008,5746676
Bristol3,2012,5455,Bristol,2008,9412089
Bristol3,2013,5455,Bristol,2008,6928616
Bristol3,2014,5455,Bristol,2008,7529284
Bristol3,2015,5455,Bristol,2008,10450800
Bristol3,2016,5455,Bristol,2008,7215265
Bristol3,2017,5455,Bristol,2008,10474412
Bristol3,2018,5455,Bristol,2008,6991261
Bristol3,2019,5455,Bristol,2008,6643758
Bristol2,2010,6913,Bristol,1987,6773876
Bristol2,2011,6913,Bristol,1987,10130938
Bristol2,2012,6913,Bristol,1987,8285583
Bristol2,2013,6913,Bristol,1987,7025251
Bristol2,2014,6913,Bristol,1987,6732504
Bristol2,2015,6913,Bristol,1987,6180946
Bristol2,2016,6913,Bristol,1987,8580984
Bristol2,2017,6913,Bristol,1987,9307447
Bristol2,2018,6913,Bristol,1987,7531109
Bristol2,2019,6913,Bristol,1987,6030170
Bristol4,2010,3861,Bristol,1983,8768725
Bristol4,2011,3861,Bristol,1983,8220041
Bristol4,2012,3861,Bristol,1983,7362656
Bristol4,2013,3861,Bristol,1983,10661949
Bristol4,2014,3861,Bristol,1983,7243618
Bristol4,2015,3861,Bristol,1983,8560212
Bristol4,2016,3861,Bristol,1983,7617928
Bristol4,2017,3861,Bristol,1983,7160265
Bristol4,2018,3861,Bristol,1983,8066848
Bristol4,2019,3861,Bristol,1983,7470861
Bristol8,2010,4548,Bristol,1998,7818142
Bristol8,2011,4548,Bristol,1998,8099587
Bristol8,2012,4548,Bristol,1998,8613103
Bristol8,2013,4548,Bristol,1998,7353045
Bristol8,2014,4548,Bristol,1998,9197567
Bristol8,2015,4548,Bristol,1998,7723108
Bristol8,2016,4548,Bristol,1998,10917984
Bristol8,2017,4548,Bristol,1998,9847357
Bristol8,2018,4548,Bristol,1998,10162030
Bristol8,2019,4548,Bristol,1998,9253045
Glasgow3,2010,533,Glasgow,1998,853817
Glasgow3,2011,533,Glasgow,1998,769048
Glasgow3,2012,533,Glasgow,1998,797677
Glasgow3,2013,533,Glasgow,1998,847370
Glasgow3,2014,533,Glasgow,1998,877448
Glasgow3,2015,533,Glasgow,1998,814585
Glasgow3,2016,533,Glasgow,1998,765771
Glasgow3,2017,533,Glasgow,1998,744556
Glasgow3,2018,533,Glasgow,1998,834118
Glasgow3,2019,533,Glasgow,1998,760115
Glasgow1,2010,563,Glasgow,1981,894843
Glasgow1,2011,563,Glasgow,1981,841986
Glasgow1,2012,563,Glasgow,1981,804496
Glasgow1,2013,563,Glasgow,1981,720308
Glasgow1,2014,563,Glasgow,1981,854731
Glasgow1,2015,563,Glasgow,1981,831946
Glasgow1,2016,563,Glasgow,1981,898968
Glasgow1,2017,563,Glasgow,1981,781853
Glasgow1,2018,563,Glasgow,1981,780420
Glasgow1,2019,563,Glasgow,1981,728332
Glasgow9,2010,1181,Glasgow,1992,1629557
Glasgow9,2011,1181,Glasgow,1992,2246489
Glasgow9,2012,1181,Glasgow,1992,2196329
Glasgow9,2013,1181,Glasgow,1992,2079092
Glasgow9,2014,1181,Glasgow,1992,2357928
Glasgow9,2015,1181,Glasgow,1992,1227764
Glasgow9,2016,1181,Glasgow,1992,2325403
Glasgow9,2017,1181,Glasgow,1992,1354100
Glasgow9,2018,1181,Glasgow,1992,2779907
Glasgow9,2019,1181,Glasgow,1992,1864300
Glasgow8,2010,3824,Glasgow,1982,1262245
Glasgow8,2011,3824,Glasgow,1982,2788088
Glasgow8,2012,3824,Glasgow,1982,1367524
Glasgow8,2013,3824,Glasgow,1982,2410371
Glasgow8,2014,3824,Glasgow,1982,1993249
Glasgow8,2015,3824,Glasgow,1982,2514936
Glasgow8,2016,3824,Glasgow,1982,1362809
Glasgow8,2017,3824,Glasgow,1982,2401756
Glasgow8,2018,3824,Glasgow,1982,2744755
Glasgow8,2019,3824,Glasgow,1982,1684351
Glasgow4,2010,2265,Glasgow,2005,2640412
Glasgow4,2011,2265,Glasgow,2005,2745052
Glasgow4,2012,2265,Glasgow,2005,2533119
Glasgow4,2013,2265,Glasgow,2005,1844251
Glasgow4,2014,2265,Glasgow,2005,1374650
Glasgow4,2015,2265,Glasgow,2005,2692748
Glasgow4,2016,2265,Glasgow,2005,2558303
Glasgow4,2017,2265,Glasgow,2005,2703097
Glasgow4,2018,2265,Glasgow,2005,2546636
Glasgow4,2019,2265,Glasgow,2005,1853187
Glasgow5,2010,7295,Glasgow,1981,8249227
Glasgow5,2011,7295,Glasgow,1981,6519100
Glasgow5,2012,7295,Glasgow,1981,5315163
Glasgow5,2013,7295,Glasgow,1981,9827208
Glasgow5,2014,7295,Glasgow,1981,9757823
Glasgow5,2015,7295,Glasgow,1981,5820243
Glasgow5,2016,7295,Glasgow,1981,6981498
Glasgow5,2017,7295,Glasgow,1981,7268360
Glasgow5,2018,7295,Glasgow,1981,8586373
Glasgow5,2019,7295,Glasgow,1981,9966444
Glasgow2,2010,2352,Glasgow,2004,9591147
Glasgow2,2011,2352,Glasgow,2004,6332638
Glasgow2,2012,2352,Glasgow,2004,9565153
Glasgow2,2013,2352,Glasgow,2004,8299584
Glasgow2,2014,2352,Glasgow,2004,10032818
Glasgow2,2015,2352,Glasgow,2004,8611162
Glasgow2,2016,2352,Glasgow,2004,6479194
Glasgow2,2017,2352,Glasgow,2004,8246088
Glasgow2,2018,2352,Glasgow,2004,8689983
Glasgow2,2019,2352,Glasgow,2004,9385688
Glasgow7,2010,3475,Glasgow,2000,6481005
Glasgow7,2011,3475,Glasgow,2000,9669462
Glasgow7,2012,3475,Glasgow,2000,5035082
Glasgow7,2013,3475,Glasgow,2000,8552432
Glasgow7,2014,3475,Glasgow,2000,10968327
Glasgow7,2015,3475,Glasgow,2000,7768114
Glasgow7,2016,3475,Glasgow,2000,7735185
Glasgow7,2017,3475,Glasgow,2000,7029020
Glasgow7,2018,3475,Glasgow,2000,8722934
Glasgow7,2019,3475,Glasgow,2000,5924877
Glasgow6,2010,2659,Glasgow,1990,6408006
Glasgow6,2011,2659,Glasgow,1990,6261164
Glasgow6,2012,2659,Glasgow,1990,5227973
Glasgow6,2013,2659,Glasgow,1990,10723754
Glasgow6,2014,2659,Glasgow,1990,7997860
Glasgow6,2015,2659,Glasgow,1990,6074488
Glasgow6,2016,2659,Glasgow,1990,5186870
Glasgow6,2017,2659,Glasgow,1990,9289766
Glasgow6,2018,2659,Glasgow,1990,9676577
Glasgow6,2019,2659,Glasgow,1990,6098669
Glasgow10,2010,2878,Glasgow,1999,7061736
Glasgow10,2011,2878,Glasgow,1999,7321295
Glasgow10,2012,2878,Glasgow,1999,9371206
Glasgow10,2013,2878,Glasgow,1999,7235283
Glasgow10,2014,2878,Glasgow,1999,7185457
Glasgow10,2015,2878,Glasgow,1999,9803284
Glasgow10,2016,2878,Glasgow,1999,6739877
Glasgow10,2017,2878,Glasgow,1999,10979691
Glasgow10,2018,2878,Glasgow,1999,7684125
Glasgow10,2019,2878,Glasgow,1999,5416262
